Date,EMA(12),EMA(26),MACD,Signal,Histogram
2023-01-19,116.25917,,,,
2023-01-20,117.28084,,,,
2023-01-23,119.3961,,,,
2023-01-24,121.13516,,,,
2023-01-25,122.67898,,,,
2023-01-26,124.41452,,,,
2023-01-27,125.7969,,,,
2023-01-30,126.6943,,,,
2023-01-31,127.69672,,,,
2023-02-01,129.35261,,,,
2023-02-02,130.35221,,,,
2023-02-03,131.07033,,,,
2023-02-06,131.35643,,,,
2023-02-07,132.16775,,,,
2023-02-08,132.1681,125.16038,,,
2023-02-09,131.91608,125.55813,,,
2023-02-10,131.46591,125.81234,,,
2023-02-13,131.36962,126.18476,,,
2023-02-14,131.51891,126.6407,,,
2023-02-15,131.75754,127.11694,,,
2023-02-16,131.51176,127.34235,,,
2023-02-17,130.92841,127.37032,,,
2023-02-21,129.81635,127.09844,,,
2023-02-22,128.91383,126.86522,,,
2023-02-23,128.49632,126.81594,,,
2023-02-24,127.85689,126.63254,,,
2023-02-27,127.17429,126.39457,,,
2023-02-28,126.61363,126.18238,,,
2023-03-01,126.1623,125.99702,,,
2023-03-02,125.79579,125.8328,,,
2023-03-03,125.45798,125.66741,,,
2023-03-06,124.98906,125.42612,,,
2023-03-07,124.0969,124.96419,,,
2023-03-08,123.65122,124.68536,,,
2023-03-09,122.6618,124.13237,,,
2023-03-10,121.51229,123.46997,,,
2023-03-13,120.42271,122.80034,,,
2023-03-14,119.82691,122.33735,,,
2023-03-15,119.15969,121.83014,,,
2023-03-16,119.36743,121.73235,,,
2023-03-17,119.57706,121.6581,,,
2023-03-20,119.92213,121.67009,,,
2023-03-21,120.51873,121.82786,,,
2023-03-22,120.742,121.83839,,,
2023-03-23,121.26631,122.00962,,,
2023-03-24,121.8038,122.21335,,,
2023-03-27,122.08014,122.31606,,,
2023-03-28,121.96627,122.24376,,,
2023-03-29,122.44684,122.45459,,,
2023-03-30,123.20886,122.82092,,,
2023-03-31,123.88134,123.17344,,,
2023-04-03,124.01344,123.28948,,,
2023-04-04,123.74983,123.21619,,,
2023-04-05,123.64063,123.20314,,,
2023-04-06,123.54207,123.18809,,,
2023-04-10,123.65714,123.26971,,,
2023-04-11,123.64373,123.29195,,,
2023-04-12,123.12469,123.0681,,,
2023-04-13,122.81781,122.92454,,,
2023-04-14,122.40892,122.71976,,,
2023-04-17,121.94293,122.47237,,,
2023-04-18,121.39171,122.16775,,,
2023-04-19,120.95299,121.89903,,,
2023-04-20,120.59715,121.65762,,,
2023-04-21,120.16067,121.36891,,,
2023-04-24,119.72826,121.07121,,,
2023-04-25,118.85468,120.55112,,,
2023-04-26,118.13242,120.0777,,,
2023-04-27,117.48436,119.62157,,,
2023-04-28,117.37907,119.41256,,,
2023-05-01,117.14229,119.14793,,,
2023-05-02,116.98348,118.9229,,,
2023-05-03,116.34448,118.47157,,,
2023-05-04,114.84225,117.59071,,,
2023-05-05,113.9096,116.93806,,,
2023-05-08,113.04812,116.29894,,,
2023-05-09,111.92841,115.51902,,,
2023-05-10,111.08712,114.84798,,,
2023-05-11,110.00602,114.04887,,,
2023-05-12,109.02356,113.27636,,,
2023-05-15,108.60147,112.75811,,,
2023-05-16,107.86124,112.09381,,,
2023-05-17,107.39182,111.55427,,,
2023-05-18,107.32539,111.21395,,,
2023-05-19,107.09995,110.81736,,,
2023-05-22,106.81996,110.40719,,,
2023-05-23,106.31843,109.89999,,,
2023-05-24,105.81098,109.39036,,,
2023-05-25,105.53544,108.99256,,,
2023-05-26,106.27614,109.09311,,,
2023-05-30,107.77212,109.60473,,,
2023-05-31,108.63949,109.8866,,,
2023-06-01,109.74572,110.32685,,,
2023-06-02,110.64946,110.71894,,,
2023-06-05,110.96954,110.86791,,,
2023-06-06,111.79884,111.27473,,,
2023-06-07,112.31902,111.56401,,,
2023-06-08,112.93917,111.91853,,,
2023-06-09,113.88853,112.45123,,,
2023-06-12,115.15799,113.16892,,,
2023-06-13,116.58445,114.00307,,,
2023-06-14,117.633,114.69914,,,
2023-06-15,118.55254,115.3592,,,
2023-06-16,119.18753,115.90148,,,
2023-06-20,119.28483,116.19174,,,
2023-06-21,118.74255,116.15976,,,
2023-06-22,118.38216,116.17756,,,
2023-06-23,117.62029,115.97404,,,
2023-06-26,117.46794,116.02263,,,
2023-06-27,117.82518,116.30169,,,
2023-06-28,117.78131,116.39342,,,
2023-06-29,117.82419,116.51687,,,
2023-06-30,118.01124,116.70377,,,
2023-07-03,118.33105,116.9546,,,
2023-07-05,118.14627,116.96759,,,
2023-07-06,117.69607,116.83814,,,
2023-07-07,117.42591,116.77161,,,
2023-07-10,117.37885,116.79742,,,
2023-07-11,117.30057,116.8028,,,
2023-07-12,117.51279,116.94185,,,
2023-07-13,118.37544,117.39949,,,
2023-07-14,119.01922,117.78175,,,
2023-07-17,119.69319,118.19792,,,
2023-07-18,120.18039,118.54326,,,
2023-07-19,120.83264,118.97857,,,
2023-07-20,120.81531,119.10756,,,
2023-07-21,121.41603,119.5233,,,
2023-07-24,121.82895,119.86231,,,
2023-07-25,122.32757,120.24806,,,
2023-07-26,122.58794,120.52746,,,
2023-07-27,123.0898,120.92172,,,
2023-07-28,124.07291,121.55567,,,
2023-07-31,125.31862,122.34192,,,
2023-08-01,126.35883,123.06326,,,
2023-08-02,126.8067,123.52302,,,
2023-08-03,125.55952,123.16576,,,
2023-08-04,124.93498,123.04237,,,
2023-08-07,124.07421,122.76812,,,
2023-08-08,123.08741,122.38974,,,
2023-08-09,122.08473,121.95865,,,
2023-08-10,121.08862,121.48838,,,
2023-08-11,120.09191,120.97887,,,
2023-08-14,119.15777,120.4634,,,
2023-08-15,118.00734,119.81278,,,
2023-08-16,116.79852,119.09702,,,
2023-08-17,115.7649,118.42909,,,
2023-08-18,114.89338,117.81212,,,
2023-08-21,114.24517,117.28381,,,
2023-08-22,113.51053,116.70501,,,
2023-08-23,113.15045,116.29501,,,
2023-08-24,112.43653,115.71834,,,
2023-08-25,112.11091,115.31846,,,
2023-08-28,112.04462,115.04894,,,
2023-08-29,112.3116,114.95494,,,
2023-08-30,112.45905,114.83013,,,
2023-08-31,112.77766,114.8079,,,
2023-09-01,113.17956,114.85102,,,
2023-09-05,113.69809,114.97687,,,
2023-09-06,113.84915,114.95488,,,
2023-09-07,112.70313,114.32119,,,
2023-09-08,111.69342,113.71518,,,
2023-09-11,111.47597,113.46072,,,
2023-09-12,111.43813,113.29548,,,
2023-09-13,111.62303,113.24693,,,
2023-09-14,111.99487,113.30568,,,
2023-09-15,112.17104,113.29341,,,
2023-09-18,112.26011,113.25316,,,
2023-09-19,112.02317,113.06552,,,
2023-09-20,111.59191,112.78067,,,
2023-09-21,111.03315,112.42358,,,
2023-09-22,110.51728,112.0722,,,
2023-09-25,110.50385,111.95056,,,
2023-09-26,110.38326,111.78533,,,
2023-09-27,110.19968,111.59308,,,
2023-09-28,110.33819,111.55656,,,
2023-09-29,110.44924,111.51978,,,
2023-10-02,110.54936,111.48869,,,
2023-10-03,110.49407,111.39249,,,
2023-10-04,110.39498,111.27823,,,
2023-10-05,110.30344,111.16873,,,
2023-10-06,110.39214,111.14734,,,
2023-10-09,110.60873,111.19569,,,
2023-10-10,110.87046,111.27823,,,
2023-10-11,110.90885,111.26651,,,
2023-10-12,110.99364,111.28084,,,
2023-10-13,110.63462,111.0867,,,
2023-10-16,110.61545,111.04398,,,
2023-10-17,110.85923,111.12961,,,
2023-10-18,110.87781,111.11853,,,
2023-10-19,110.93969,111.13049,,,
2023-10-20,110.58435,110.94527,,,
2023-10-23,110.2883,110.77599,,,
2023-10-24,110.1501,110.67332,,,
2023-10-25,109.32393,110.23678,,,
2023-10-26,108.75409,109.8948,,,
2023-10-27,108.40115,109.64037,,,
2023-10-30,108.31328,109.50627,,,
2023-10-31,108.41739,109.46803,,,
2023-11-01,108.79779,109.57336,,,
2023-11-02,110.11505,110.15015,,,
2023-11-03,111.56197,110.84421,,,
2023-11-06,112.84936,111.51723,,,
2023-11-07,114.06023,112.19892,,,
2023-11-08,114.98327,112.78122,,,
2023-11-09,115.77046,113.32335,,,
2023-11-10,117.06885,114.12977,,,
2023-11-13,118.1121,114.84979,,,
2023-11-14,119.53485,115.77647,,,
2023-11-15,120.97872,116.75006,,,
2023-11-16,122.16661,117.63524,,,
2023-11-17,123.29021,118.51189,,,
2023-11-20,124.2471,119.32656,,,
2023-11-21,124.6737,119.89644,,,
2023-11-22,125.10852,120.45967,,,
2023-11-24,125.5149,120.99969,,,
2023-11-27,125.92799,121.53305,,,
2023-11-28,126.02984,121.90764,,,
2023-11-29,126.3191,122.35226,,,
2023-11-30,126.73924,122.84839,,,
2023-12-01,127.19013,123.35369,,,
2023-12-04,127.61473,123.84231,,,
2023-12-05,128.09708,124.35399,,,
2023-12-06,128.38368,124.76925,,,
2023-12-07,129.08465,125.37449,,,
2023-12-08,129.6824,125.93712,,,
2023-12-11,130.66972,126.68993,,,
2023-12-12,131.59438,127.42994,,,
2023-12-13,132.70294,128.27217,,,
2023-12-14,134.05633,129.25201,,,
2023-12-15,135.45228,130.28001,,,
2023-12-18,136.40578,131.12223,,,
2023-12-19,137.45566,132.0191,,,
2023-12-20,137.91479,132.64287,,,
2023-12-21,138.61098,133.36858,,,
2023-12-22,139.3616,134.11831,,,
2023-12-26,140.29982,134.95844,,,
2023-12-27,141.13369,135.75559,,,
2023-12-28,141.86081,136.50406,,,
2023-12-29,142.28684,137.10598,,,
2024-01-02,141.9704,137.33739,4.63301,,
2024-01-03,141.29803,137.35684,3.94119,,
2024-01-04,140.5091,137.26893,3.24017,,
2024-01-05,139.9277,137.22901,2.69869,,
2024-01-08,139.78959,137.36242,2.42717,,
2024-01-09,139.80504,137.54965,2.25539,,
2024-01-10,139.72888,137.68005,2.04883,,
2024-01-11,139.62136,137.78005,1.84131,,
2024-01-12,139.71038,137.95931,1.75107,2.75965,-1.00858
2024-01-16,139.92724,138.19344,1.7338,2.55448,-0.82068
2024-01-17,139.83382,138.27689,1.55693,2.35497,-0.79804
2024-01-18,140.67323,138.79638,1.87685,2.25935,-0.3825
2024-01-19,142.40966,139.77146,2.6382,2.33512,0.30308
2024-01-22,144.01894,140.74172,3.27722,2.52354,0.75368
2024-01-23,145.47756,141.68678,3.79078,2.77699,1.01379
2024-01-24,146.84563,142.62628,4.21935,3.06546,1.15389
2024-01-25,148.01861,143.50359,4.51502,3.35537,1.15965
2024-01-26,148.43421,144.03814,4.39607,3.56351,0.83256
2024-01-29,148.61972,144.45309,4.16663,3.68413,0.4825
2024-01-30,148.21361,144.56619,3.64742,3.67679,-0.02937
2024-01-31,148.25921,144.85832,3.40089,3.62161,-0.22072
2024-02-01,147.15933,144.58067,2.57866,3.41302,-0.83436
2024-02-02,146.31789,144.36655,1.95134,3.12068,-1.16934
2024-02-05,145.96591,144.34162,1.62429,2.8214,-1.19711
2024-02-06,145.67885,144.32372,1.35513,2.52815,-1.17302
2024-02-07,145.71133,144.43974,1.27159,2.27684,-1.00525
2024-02-08,146.09113,144.7168,1.37433,2.09634,-0.72201
2024-02-09,146.84634,145.18222,1.66412,2.0099,-0.34578
2024-02-12,147.80844,145.76872,2.03972,2.01586,0.02386
2024-02-13,148.15176,146.08511,2.06665,2.02602,0.04063
2024-02-14,149.04226,146.66695,2.37531,2.09588,0.27943
2024-02-15,150.1096,147.35681,2.75279,2.22726,0.52553
2024-02-16,150.50658,147.75186,2.75472,2.33275,0.42197
2024-02-20,150.73018,148.06357,2.66661,2.39952,0.26709
2024-02-21,150.92708,148.3559,2.57118,2.43385,0.13733
2024-02-22,151.51522,148.82954,2.68568,2.48422,0.20146
2024-02-23,152.03749,149.27994,2.75755,2.53889,0.21866
2024-02-26,152.80557,149.85402,2.95155,2.62142,0.33013
2024-02-27,153.65087,150.47965,3.17122,2.73138,0.43984
2024-02-28,153.9892,150.87745,3.11175,2.80745,0.3043
2024-02-29,154.57394,151.38949,3.18445,2.88285,0.3016
2024-03-01,155.8841,152.25619,3.62791,3.03186,0.59605
2024-03-04,157.52655,153.31573,4.21082,3.26765,0.94317
2024-03-05,158.13016,153.91827,4.21189,3.4565,0.75539
2024-03-06,159.63167,154.95321,4.67846,3.70089,0.97757
2024-03-07,162.1068,156.49149,5.61531,4.08377,1.53154
2024-03-08,163.40883,157.53434,5.87449,4.44191,1.43258
2024-03-11,164.59516,158.54069,6.05447,4.76442,1.29005
2024-03-12,165.90052,159.61768,6.28284,5.0681,1.21474
2024-03-13,166.41582,160.33119,6.08463,5.27141,0.81322
2024-03-14,166.72877,160.93258,5.79619,5.37637,0.41982
2024-03-15,166.80127,161.39683,5.40444,5.38198,0.02246
2024-03-18,166.81954,161.80595,5.01359,5.3083,-0.29471
2024-03-19,166.40115,161.97588,4.42527,5.13169,-0.70642
2024-03-20,166.59636,162.39767,4.19869,4.94509,-0.7464
2024-03-21,167.25077,163.02377,4.227,4.80147,-0.57447
2024-03-22,167.68911,163.54794,4.14117,4.66941,-0.52824
2024-03-25,167.66309,163.84217,3.82092,4.49971,-0.67879
2024-03-26,167.57185,164.08127,3.49058,4.29788,-0.8073
2024-03-27,167.81157,164.45525,3.35632,4.10957,-0.75325
2024-03-28,168.04056,164.81412,3.22644,3.93294,-0.7065
2024-04-01,168.60663,165.32567,3.28096,3.80254,-0.52158
2024-04-02,168.98099,165.74895,3.23204,3.68844,-0.4564
2024-04-03,169.7393,166.35347,3.38583,3.62792,-0.24209
2024-04-04,169.74248,166.60581,3.13667,3.52967,-0.393
2024-04-05,170.01748,166.97056,3.04692,3.43312,-0.3862
2024-04-08,170.57171,167.46311,3.1086,3.36822,-0.25962
2024-04-09,171.34068,168.06362,3.27706,3.34999,-0.07293
2024-04-10,171.26673,168.27076,2.99597,3.27919,-0.28322
2024-04-11,171.86108,168.77885,3.08223,3.2398,-0.15757
2024-04-12,171.77322,168.96486,2.80836,3.15351,-0.34515
2024-04-15,171.4758,169.02969,2.44611,3.01203,-0.56592
2024-04-16,171.03029,168.99638,2.03391,2.81641,-0.7825
2024-04-17,169.99794,168.64998,1.34796,2.52272,-1.17476
2024-04-18,168.68133,168.11591,0.56542,2.13126,-1.56584
2024-04-19,166.98113,167.33918,-0.35805,1.6334,-1.99145
2024-04-22,165.9348,166.80887,-0.87407,1.13191,-2.00598
2024-04-23,165.22945,166.40451,-1.17506,0.67052,-1.84558
2024-04-24,164.98338,166.19899,-1.21561,0.29329,-1.5089
2024-04-25,164.7244,165.98425,-1.25985,-0.01734,-1.24251
2024-04-26,164.86834,165.96023,-1.09189,-0.23225,-0.85964
2024-04-29,165.53475,166.20021,-0.66546,-0.31889,-0.34657
2024-04-30,165.58325,166.17427,-0.59102,-0.37332,-0.2177
2024-05-01,165.3566,166.02136,-0.66476,-0.43161,-0.23315
2024-05-02,167.62482,167.06422,0.5606,-0.23317,0.79377
2024-05-03,169.47331,167.99576,1.47755,0.10897,1.36858
2024-05-06,171.37742,169.022,2.35542,0.55826,1.79716
2024-05-07,172.72705,169.8463,2.88075,1.02276,1.85799
2024-05-08,173.93058,170.63917,3.29141,1.47649,1.81492
2024-05-09,174.94741,171.37256,3.57485,1.89616,1.67869
2024-05-10,176.04473,172.1657,3.87903,2.29273,1.5863
2024-05-13,177.30093,173.05787,4.24306,2.6828,1.56026
2024-05-14,179.09617,174.23655,4.85962,3.11816,1.74146
2024-05-15,181.48291,175.74569,5.73722,3.64197,2.09525
2024-05-16,183.29631,177.04379,6.25252,4.16408,2.08844
2024-05-17,184.92149,178.28944,6.63205,4.65767,1.97438
2024-05-20,186.89665,179.7317,7.16495,5.15913,2.00582
2024-05-21,189.04332,181.29602,7.7473,5.67676,2.07054
2024-05-22,191.17973,182.89854,8.28119,6.19765,2.08354
2024-05-23,192.80746,184.29569,8.51177,6.66047,1.8513
2024-05-24,195.50785,186.22638,9.28147,7.18467,2.0968
2024-05-28,198.21126,188.21554,9.99572,7.74688,2.24884
2024-05-29,199.75722,189.70031,10.05691,8.20889,1.84802
2024-05-30,200.53303,190.81881,9.71422,8.50996,1.20426
2024-05-31,201.0741,191.7989,9.2752,8.66301,0.61219
2024-06-03,201.81808,192.84417,8.97391,8.72519,0.24872
2024-06-04,202.21068,193.69794,8.51274,8.6827,-0.16996
2024-06-05,203.70134,195.04624,8.6551,8.67718,-0.02208
2024-06-06,204.58421,196.11244,8.47177,8.6361,-0.16433
2024-06-07,204.89741,196.89078,8.00663,8.51021,-0.50358
2024-06-10,205.58242,197.81369,7.76873,8.36191,-0.59318
2024-06-11,206.03436,198.60675,7.42761,8.17505,-0.74744
2024-06-12,207.47369,199.84995,7.62374,8.06479,-0.44105
2024-06-13,209.06389,201.18032,7.88357,8.02855,-0.14498
2024-06-14,210.02791,202.22844,7.79947,7.98273,-0.18326
2024-06-17,211.90362,203.7093,8.19432,8.02505,0.16927
2024-06-18,214.23999,205.4412,8.79879,8.1798,0.61899
2024-06-20,214.42922,206.18407,8.24515,8.19287,0.05228
2024-06-21,214.13703,206.65414,7.48289,8.05087,-0.56798
2024-06-24,212.09133,206.22346,5.86787,7.61427,-1.7464
2024-06-25,210.56497,205.9232,4.64177,7.01977,-2.378
2024-06-26,208.52882,205.28667,3.24215,6.26425,-3.0221
2024-06-27,206.47054,204.53581,1.93473,5.39835,-3.46362
2024-06-28,205.34892,204.13908,1.20984,4.56065,-3.35081
2024-07-01,204.53062,203.8347,0.69592,3.7877,-3.09178
2024-07-02,203.85822,203.5625,0.29572,3.0893,-2.79358
2024-07-03,203.8508,203.58083,0.26997,2.52543,-2.25546
2024-07-05,204.14298,203.74151,0.40147,2.10064,-1.69917
2024-07-08,204.71944,204.04881,0.67063,1.81464,-1.14401
2024-07-09,205.08876,204.27631,0.81245,1.6142,-0.80175
2024-07-10,205.65972,204.6114,1.04832,1.50102,-0.4527
2024-07-11,204.76592,204.2587,0.50722,1.30226,-0.79504
2024-07-12,204.40655,204.12324,0.28331,1.09847,-0.81516
2024-07-15,204.98708,204.42374,0.56334,0.99144,-0.4281
2024-07-16,205.70291,204.81013,0.89278,0.97171,-0.07893
2024-07-17,203.53323,203.8316,-0.29837,0.71769,-1.01606
2024-07-18,201.67581,202.91519,-1.23938,0.32628,-1.56566
2024-07-19,199.29645,201.67777,-2.38132,-0.21524,-2.16608
2024-07-22,198.63084,201.1809,-2.55006,-0.6822,-1.86786
2024-07-23,197.8184,200.60083,-2.78243,-1.10225,-1.68018
2024-07-24,195.24172,199.1541,-3.91238,-1.66428,-2.2481
2024-07-25,192.18761,197.3938,-5.20619,-2.37266,-2.83353
2024-07-26,190.32029,196.10907,-5.78878,-3.05588,-2.7329
2024-07-29,188.52332,194.81506,-6.29174,-3.70305,-2.58869
2024-07-30,185.20281,192.75024,-7.54743,-4.47193,-3.0755
2024-07-31,184.54853,191.87615,-7.32762,-5.04307,-2.28455
2024-08-01,181.38722,189.81125,-8.42403,-5.71926,-2.70477
2024-08-02,177.99072,187.5519,-9.56118,-6.48764,-3.07354
2024-08-05,174.90753,185.35917,-10.45164,-7.28044,-3.1712
2024-08-06,172.41714,183.3859,-10.96876,-8.0181,-2.95066
2024-08-07,169.90989,181.3662,-11.45631,-8.70574,-2.75057
2024-08-08,169.14683,180.15019,-11.00336,-9.16526,-1.8381
2024-08-09,168.42886,178.98944,-10.56058,-9.44432,-1.11626
2024-08-12,167.57673,177.79689,-10.22016,-9.59949,-0.62067
2024-08-13,167.868,177.18008,-9.31208,-9.54201,0.22993
2024-08-14,167.75754,176.43711,-8.67957,-9.36952,0.68995
2024-08-15,168.61638,176.20769,-7.59131,-9.01388,1.42257
2024-08-16,169.16463,175.90934,-6.74471,-8.56005,1.81534
2024-08-19,169.94853,175.78717,-5.83864,-8.01577,2.17713
2024-08-20,170.28106,175.51479,-5.23373,-7.45936,2.22563
2024-08-21,170.88705,175.41888,-4.53183,-6.87385,2.34202
2024-08-22,170.59673,174.94341,-4.34668,-6.36842,2.02174
2024-08-23,171.04339,174.83649,-3.7931,-5.85336,2.06026
2024-08-26,170.80441,174.44045,-3.63604,-5.4099,1.77386
2024-08-27,171.28527,174.40264,-3.11737,-4.95139,1.83402
2024-08-28,171.37215,174.21356,-2.84141,-4.52939,1.68798
2024-08-29,171.08259,173.86367,-2.78108,-4.17973,1.39865
2024-08-30,171.73142,173.97006,-2.23864,-3.79151,1.55287
2024-09-03,170.42505,173.17524,-2.75019,-3.58325,0.83306
2024-09-04,169.6412,172.59411,-2.95291,-3.45718,0.50427
2024-09-05,168.72717,171.93529,-3.20812,-3.40737,0.19925
2024-09-06,167.10607,170.91712,-3.81105,-3.48811,-0.32294
2024-09-09,166.13129,170.16548,-4.03419,-3.59733,-0.43686
2024-09-10,165.44648,169.53693,-4.09045,-3.69595,-0.3945
2024-09-11,165.61779,169.31642,-3.69863,-3.69649,-0.00214
2024-09-12,165.51967,168.9952,-3.47553,-3.6523,0.17677
2024-09-13,165.85972,168.90148,-3.04176,-3.53019,0.48843
2024-09-16,165.97515,168.73174,-2.75659,-3.37547,0.61888
2024-09-17,166.39436,168.72939,-2.33503,-3.16738,0.83235
2024-09-18,166.68754,168.69758,-2.01004,-2.93591,0.92587
2024-09-19,167.80023,169.08443,-1.2842,-2.60557,1.32137
2024-09-20,167.9725,169.07225,-1.09975,-2.30441,1.20466
2024-09-23,167.66288,168.84171,-1.17883,-2.07929,0.90046
2024-09-24,167.55321,168.70158,-1.14837,-1.89311,0.74474
2024-09-25,167.66349,168.66961,-1.00612,-1.71571,0.70959
2024-09-26,168.43218,168.96519,-0.53301,-1.47917,0.94616
2024-09-27,168.69338,169.05147,-0.35809,-1.25495,0.89686
2024-09-30,168.90209,169.12544,-0.22335,-1.04863,0.82528
2024-10-01,168.42177,168.87763,-0.45586,-0.93008,0.47422
2024-10-02,168.40611,168.83632,-0.43021,-0.83011,0.3999
2024-10-03,168.48517,168.84252,-0.35735,-0.73556,0.37821
2024-10-04,168.54899,168.84678,-0.29779,-0.64801,0.35022
2024-10-07,168.30145,168.70554,-0.40409,-0.59923,0.19514
2024-10-08,167.99969,168.53031,-0.53062,-0.58551,0.05489
2024-10-09,168.34128,168.65547,-0.31419,-0.53125,0.21706
2024-10-10,168.36878,168.64544,-0.27666,-0.48033,0.20367
2024-10-11,168.61666,168.7443,-0.12764,-0.40979,0.28215
2024-10-14,170.0664,169.43287,0.63353,-0.20113,0.83466
2024-10-15,170.68542,169.77784,0.90758,0.02061,0.88697
2024-10-16,170.80766,169.90393,0.90373,0.19723,0.7065
2024-10-17,170.85264,169.99253,0.86011,0.32981,0.5303
2024-10-18,170.863,170.06123,0.80177,0.4242,0.37757
2024-10-21,170.57792,169.98336,0.59456,0.45827,0.13629
2024-10-22,170.97824,170.22015,0.75809,0.51823,0.23986
2024-10-23,170.30466,169.95199,0.35267,0.48512,-0.13245
2024-10-24,169.96548,169.81481,0.15067,0.41823,-0.26756
2024-10-25,170.01233,169.84853,0.1638,0.36734,-0.20354
2024-10-28,170.35197,170.02419,0.32778,0.35943,-0.03165
2024-10-29,171.2209,170.46684,0.75406,0.43836,0.3157
2024-10-30,170.66692,170.25596,0.41096,0.43288,-0.02192
2024-10-31,169.45201,169.70144,-0.24943,0.29642,-0.54585
2024-11-01,168.80862,169.37319,-0.56457,0.12422,-0.68879
2024-11-04,168.25037,169.06258,-0.81221,-0.06307,-0.74914
2024-11-05,167.89031,168.82906,-0.93875,-0.23821,-0.70054
2024-11-06,168.67488,169.13728,-0.4624,-0.28305,-0.17935
2024-11-07,169.32644,169.41674,-0.0903,-0.2445,0.1542
2024-11-08,169.57006,169.52735,0.04271,-0.18706,0.22977
2024-11-11,169.37313,169.43569,-0.06256,-0.16216,0.0996
2024-11-12,168.45573,168.98934,-0.53361,-0.23645,-0.29716
2024-11-13,167.21946,168.35457,-1.13511,-0.41618,-0.71893
2024-11-14,166.71954,168.02979,-1.31025,-0.59499,-0.71526
2024-11-15,165.76269,167.47203,-1.70934,-0.81786,-0.89148
2024-11-18,165.56843,167.25188,-1.68345,-0.99098,-0.69247
2024-11-19,165.43636,167.06359,-1.62723,-1.11823,-0.509
2024-11-20,163.71846,166.11592,-2.39746,-1.37408,-1.02338
2024-11-21,162.44793,165.32659,-2.87866,-1.675,-1.20366
2024-11-22,161.57748,164.69425,-3.11677,-1.96335,-1.15342
2024-11-25,161.15325,164.25912,-3.10587,-2.19185,-0.91402
2024-11-26,160.50352,163.71622,-3.2127,-2.39602,-0.81668
2024-11-27,159.87221,163.17428,-3.30207,-2.57723,-0.72484
2024-11-29,159.66572,162.83026,-3.16454,-2.69469,-0.46985
2024-12-02,160.1833,162.84506,-2.66176,-2.6881,0.02634
2024-12-03,160.55202,162.82543,-2.27341,-2.60516,0.33175
2024-12-04,160.98094,162.86355,-1.88261,-2.46065,0.57804
2024-12-05,160.89003,162.68032,-1.79029,-2.32658,0.53629
2024-12-06,160.67772,162.44548,-1.76776,-2.21482,0.44706
2024-12-09,160.6873,162.31915,-1.63185,-2.09823,0.46638
2024-12-10,160.03695,161.88514,-1.84819,-2.04822,0.20003
2024-12-11,160.00511,161.73291,-1.7278,-1.98414,0.25634
2024-12-12,159.73355,161.47418,-1.74063,-1.93544,0.19481
2024-12-13,159.54839,161.25609,-1.7077,-1.88989,0.18219
2024-12-16,159.29325,161.00675,-1.7135,-1.85461,0.14111
2024-12-17,159.08198,160.7781,-1.69612,-1.82291,0.12679
2024-12-18,158.15398,160.20565,-2.05167,-1.86866,-0.18301
2024-12-19,156.96106,159.47931,-2.51825,-1.99858,-0.51967
2024-12-20,156.33474,158.99121,-2.65647,-2.13016,-0.52631
2024-12-23,156.62786,158.93556,-2.3077,-2.16567,-0.14203
2024-12-24,157.04819,158.967,-1.91881,-2.1163,0.19749
2024-12-26,157.27616,158.93463,-1.65847,-2.02473,0.36626
2024-12-27,157.2706,158.8091,-1.5385,-1.92748,0.38898
2024-12-30,156.85666,158.49583,-1.63917,-1.86982,0.23065
2024-12-31,156.35871,158.13466,-1.77595,-1.85105,0.0751
2025-01-02,155.94045,157.80172,-1.86127,-1.85309,-0.00818
2025-01-03,156.23115,157.80381,-1.57266,-1.797,0.22434
2025-01-06,156.7879,157.95538,-1.16748,-1.6711,0.50362
2025-01-07,157.36207,158.14535,-0.78328,-1.49354,0.71026
2025-01-08,157.62637,158.21458,-0.58821,-1.31247,0.72426
2025-01-10,157.52693,158.12313,-0.5962,-1.16922,0.57302
2025-01-13,157.46586,158.04956,-0.5837,-1.05212,0.46842
2025-01-14,157.78342,158.15922,-0.3758,-0.91686,0.54106
2025-01-15,158.80289,158.62224,0.18065,-0.69736,0.87801
2025-01-16,159.20706,158.83022,0.37684,-0.48252,0.85936
2025-01-17,160.03059,159.25465,0.77594,-0.23083,1.00677
2025-01-21,161.14435,159.84838,1.29597,0.07453,1.22144
2025-01-22,162.54368,160.61813,1.92555,0.44473,1.48082
2025-01-23,164.36158,161.63605,2.72553,0.90089,1.82464
2025-01-24,165.55364,162.4119,3.14174,1.34906,1.79268
2025-01-27,166.41923,163.06139,3.35784,1.75082,1.60702
2025-01-28,167.20858,163.69018,3.5184,2.10434,1.41406
2025-01-29,167.90111,164.28424,3.61687,2.40685,1.21002
2025-01-30,168.52094,164.85059,3.67035,2.65955,1.0108
2025-01-31,169.19926,165.44906,3.7502,2.87768,0.87252
2025-02-03,169.35937,165.80394,3.55543,3.01323,0.5422
2025-02-04,169.92562,166.33994,3.58568,3.12772,0.45796
2025-02-05,170.8386,167.04513,3.79347,3.26087,0.5326
2025-02-06,170.60497,167.21364,3.39133,3.28696,0.10437
2025-02-07,170.19805,167.26893,2.92912,3.21539,-0.28627
2025-02-10,170.37681,167.57197,2.80484,3.13328,-0.32844
2025-02-11,170.62499,167.89923,2.72576,3.05178,-0.32602
2025-02-12,170.57345,168.07632,2.49713,2.94085,-0.44372
2025-02-13,170.816,168.37807,2.43793,2.84027,-0.40234
2025-02-14,171.03354,168.6634,2.37014,2.74624,-0.3761
2025-02-18,171.43453,169.03204,2.40249,2.67749,-0.275
2025-02-19,172.01691,169.49041,2.5265,2.64729,-0.12079
2025-02-20,172.27585,169.80223,2.47362,2.61256,-0.13894
2025-02-21,171.22264,169.47836,1.74428,2.4389,-0.69462
2025-02-24,169.66531,168.85774,0.80757,2.11263,-1.30506
2025-02-25,168.36603,168.29198,0.07405,1.70491,-1.63086
2025-02-26,167.40203,167.83331,-0.43128,1.27767,-1.70895
2025-02-27,165.40787,166.84121,-1.43334,0.73547,-2.16881
2025-02-28,164.14051,166.12482,-1.98431,0.19151,-2.17582
2025-03-03,162.52197,165.19854,-2.67657,-0.38211,-2.29446
2025-03-04,161.28167,164.40309,-3.12142,-0.92997,-2.19145
2025-03-05,160.85218,163.96508,-3.1129,-1.36656,-1.74634
2025-03-06,160.11184,163.37804,-3.2662,-1.74649,-1.51971
2025-03-07,160.28233,163.21819,-2.93586,-1.98436,-0.9515
2025-03-10,159.46659,162.60795,-3.14136,-2.21576,-0.9256
2025-03-11,158.48711,161.90366,-3.41655,-2.45592,-0.96063
2025-03-12,157.61217,161.22931,-3.61714,-2.68816,-0.92898
2025-03-13,156.73953,160.54121,-3.80168,-2.91086,-0.89082
2025-03-14,156.71499,160.24779,-3.5328,-3.03525,-0.49755
2025-03-17,156.90499,160.07758,-3.17259,-3.06272,-0.10987
2025-03-18,156.81038,159.79702,-2.98664,-3.0475,0.06086
2025-03-19,157.0334,159.68317,-2.64977,-2.96795,0.31818
2025-03-20,157.17442,159.55479,-2.38037,-2.85043,0.47006
2025-03-21,157.11989,159.35221,-2.23232,-2.72681,0.49449
2025-03-24,157.57529,159.40612,-1.83083,-2.54761,0.71678
2025-03-25,157.9714,159.46122,-1.48982,-2.33605,0.84623
2025-03-26,158.0358,159.38187,-1.34607,-2.13805,0.79198
2025-03-27,158.02568,159.27729,-1.25161,-1.96076,0.70915
2025-03-28,157.20942,158.79156,-1.58214,-1.88504,0.3029
2025-03-31,156.65566,158.40774,-1.75208,-1.85845,0.10637
2025-04-01,156.10094,158.01087,-1.90993,-1.86875,-0.04118
2025-04-02,155.79003,157.71969,-1.92966,-1.88093,-0.04873
2025-04-03,153.27156,156.36416,-3.0926,-2.12326,-0.96934
2025-04-04,149.30055,154.22311,-4.92256,-2.68312,-2.23944
2025-04-07,146.28816,152.40806,-6.1199,-3.37048,-2.74942
2025-04-08,142.96075,150.35265,-7.3919,-4.17476,-3.21714
2025-04-09,143.05756,149.85171,-6.79415,-4.69864,-2.09551
2025-04-10,141.72563,148.70714,-6.98151,-5.15521,-1.8263
2025-04-11,141.34476,148.00661,-6.66185,-5.45654,-1.20531
2025-04-14,141.01326,147.35353,-6.34027,-5.63329,-0.70698
2025-04-15,140.64199,146.70512,-6.06313,-5.71926,-0.34387
2025-04-16,139.88784,145.89289,-6.00505,-5.77642,-0.22863
2025-04-17,139.39125,145.20897,-5.81772,-5.78468,-0.03304
2025-04-21,138.89106,144.53719,-5.64613,-5.75697,0.11084
2025-04-22,138.86782,144.10777,-5.23995,-5.65357,0.41362
2025-04-23,139.11277,143.83756,-4.72479,-5.46781,0.74302
2025-04-24,140.3585,144.08737,-3.72887,-5.12002,1.39115
2025-04-25,141.62027,144.41868,-2.79841,-4.6557,1.85729
2025-04-28,142.54331,144.65581,-2.1125,-4.14706,2.03456
2025-04-29,143.21049,144.82056,-1.61007,-3.63966,2.02959
2025-04-30,144.01811,145.09015,-1.07204,-3.12614,2.0541
2025-05-01,142.66302,144.35829,-1.69527,-2.83997,1.1447
2025-05-02,142.22409,144.02138,-1.79729,-2.63143,0.83414
2025-05-05,141.79577,143.68202,-1.88625,-2.48239,0.59614
2025-05-06,141.50411,143.40187,-1.89776,-2.36546,0.4677
2025-05-07,141.93425,143.4684,-1.53415,-2.1992,0.66505
2025-05-08,142.42129,143.58926,-1.16797,-1.99295,0.82498
2025-05-09,142.84571,143.70709,-0.86138,-1.76664,0.90526
2025-05-12,144.27252,144.33027,-0.05775,-1.42486,1.36711
2025-05-13,145.35982,144.84951,0.51031,-1.03783,1.54814
2025-05-14,146.53216,145.45177,1.08039,-0.61419,1.69458
2025-05-15,147.46721,145.98201,1.4852,-0.19431,1.67951
2025-05-16,148.24149,146.46482,1.77667,0.19989,1.57678
2025-05-19,149.08126,147.00076,2.0805,0.57601,1.50449
2025-05-20,149.8103,147.50589,2.30441,0.92169,1.38272
2025-05-21,150.04102,147.78768,2.25334,1.18802,1.06532
2025-05-22,149.63009,147.75674,1.87335,1.32509,0.54826
2025-05-23,148.97623,147.58069,1.39554,1.33918,0.05636
2025-05-27,148.92296,147.65842,1.26454,1.32425,-0.05971
2025-05-28,148.71943,147.65409,1.06534,1.27247,-0.20713
2025-05-29,148.66106,147.7049,0.95616,1.20921,-0.25305
2025-05-30,148.12859,147.51935,0.60924,1.08922,-0.47998
2025-06-02,147.89804,147.45347,0.44457,0.96029,-0.51572
2025-06-03,148.05834,147.56358,0.49476,0.86718,-0.37242
2025-06-04,148.2109,147.67369,0.53721,0.80119,-0.26398
2025-06-05,148.11076,147.66527,0.44549,0.73005,-0.28456
2025-06-06,148.28449,147.78192,0.50257,0.68455,-0.18198
2025-06-09,149.38072,148.34696,1.03376,0.75439,0.27937
2025-06-10,150.88061,149.1457,1.73491,0.95049,0.78442
2025-06-11,152.20359,149.9112,2.29239,1.21887,1.07352
2025-06-12,153.20304,150.56222,2.64082,1.50326,1.13756
2025-06-13,153.43642,150.8702,2.56622,1.71585,0.85037
2025-06-16,153.96466,151.31463,2.65003,1.90269,0.74734
2025-06-17,154.04087,151.54762,2.49325,2.0208,0.47245
2025-06-18,153.97766,151.70187,2.27579,2.0718,0.20399
2025-06-20,153.56879,151.67358,1.89521,2.03648,-0.14127
2025-06-23,153.50282,151.7822,1.72062,1.97331,-0.25269
2025-06-24,153.84239,152.07315,1.76924,1.9325,-0.16326
2025-06-25,154.16356,152.35884,1.80472,1.90694,-0.10222
2025-06-26,154.78301,152.79078,1.99223,1.924,0.06823
2025-06-27,155.36101,153.21665,2.14436,1.96807,0.17629
2025-06-30,155.96085,153.66431,2.29654,2.03376,0.26278
2025-07-01,156.48995,154.08918,2.40077,2.10716,0.29361
2025-07-02,157.38688,154.69887,2.68801,2.22333,0.46468
2025-07-03,158.1289,155.25525,2.87365,2.35339,0.52026
2025-07-07,158.12292,155.46523,2.65769,2.41425,0.24344
2025-07-08,158.32709,155.7604,2.56669,2.44474,0.12195
2025-07-09,158.48446,156.0263,2.45816,2.44742,0.01074
2025-07-10,158.57762,156.25324,2.32438,2.42281,-0.09843
2025-07-11,158.40568,156.34263,2.06305,2.35086,-0.28781
2025-07-14,157.7725,156.19058,1.58192,2.19707,-0.61515
2025-07-15,157.23827,156.05054,1.18773,1.9952,-0.80747
2025-07-16,156.75084,155.90383,0.84701,1.76556,-0.91855
2025-07-17,156.11379,155.65984,0.45395,1.50324,-1.04929
2025-07-18,155.91167,155.59615,0.31552,1.2657,-0.95018
2025-07-21,156.38218,155.84606,0.53612,1.11978,-0.58366
2025-07-22,156.62954,156.00487,0.62467,1.02076,-0.39609
2025-07-23,157.12961,156.29192,0.83769,0.98415,-0.14646
2025-07-24,157.39275,156.48067,0.91208,0.96974,-0.05766
2025-07-25,157.54771,156.62284,0.92487,0.96077,-0.0359
2025-07-28,158.08652,156.95078,1.13574,0.99576,0.13998
2025-07-29,158.7009,157.33072,1.37018,1.07064,0.29954
2025-07-30,158.75615,157.45881,1.29734,1.11598,0.18136
2025-07-31,156.91059,156.66631,0.24428,0.94164,-0.69736
2025-08-01,155.56896,156.03844,-0.46948,0.65942,-1.1289
2025-08-04,154.32912,155.4067,-1.07758,0.31202,-1.3896
2025-08-05,153.15695,154.7625,-1.60555,-0.07149,-1.53406
2025-08-06,152.03127,154.10157,-2.0703,-0.47125,-1.59905
2025-08-07,151.088,153.49405,-2.40605,-0.85821,-1.54784
2025-08-08,150.54523,153.05449,-2.50926,-1.18842,-1.32084
2025-08-11,150.14904,152.67786,-2.52882,-1.4565,-1.07232
2025-08-12,150.69996,152.7558,-2.05584,-1.57637,-0.47947
2025-08-13,151.60612,153.03981,-1.43369,-1.54783,0.11414
2025-08-14,152.60364,153.4139,-0.81026,-1.40032,0.59006
2025-08-15,153.41077,153.7425,-0.33173,-1.1866,0.85487
2025-08-18,154.25527,154.12454,0.13073,-0.92313,1.05386
2025-08-19,154.56215,154.28198,0.28017,-0.68247,0.96264
2025-08-20,154.6972,154.36776,0.32944,-0.48009,0.80953
2025-08-21,154.60994,154.35015,0.25979,-0.33211,0.5919
2025-08-22,155.13303,154.62125,0.51178,-0.16333,0.67511
2025-08-25,155.33103,154.75449,0.57654,-0.01536,0.5919
2025-08-26,155.92164,155.08156,0.84008,0.15573,0.68435
2025-08-27,156.5137,155.42885,1.08485,0.34155,0.7433
2025-08-28,157.17313,155.82671,1.34642,0.54252,0.8039
2025-08-29,157.72034,156.18992,1.53042,0.7401,0.79032
2025-09-02,157.88336,156.38178,1.50158,0.8924,0.60918
2025-09-03,157.79054,156.44831,1.34223,0.98237,0.35986
2025-09-04,158.08584,156.68992,1.39592,1.06508,0.33084
2025-09-05,158.35571,156.92326,1.43245,1.13855,0.2939
2025-09-08,158.6456,157.16894,1.47666,1.20617,0.27049
2025-09-09,158.64782,157.27939,1.36843,1.23862,0.12981
2025-09-10,158.69431,157.40314,1.29117,1.24913,0.04204
2025-09-11,159.12749,157.70735,1.42014,1.28333,0.13681
2025-09-12,159.54326,158.01273,1.53053,1.33277,0.19776
2025-09-15,159.80122,158.25031,1.55091,1.3764,0.17451
2025-09-16,160.46872,158.68658,1.78214,1.45755,0.32459
2025-09-17,161.20584,159.1735,2.03234,1.57251,0.45983
2025-09-18,162.2711,159.83694,2.43416,1.74484,0.68932
2025-09-19,162.97555,160.35643,2.61912,1.9197,0.69942
2025-09-22,164.01316,161.05003,2.96313,2.12839,0.83474
2025-09-23,164.8619,161.67818,3.18372,2.33946,0.84426
2025-09-24,166.19853,162.55757,3.64096,2.59976,1.0412
2025-09-25,166.73414,163.08516,3.64898,2.8096,0.83938
2025-09-26,167.1135,163.53811,3.57539,2.96276,0.61263
2025-09-29,166.8345,163.66862,3.16588,3.00338,0.1625
2025-09-30,166.7615,163.86798,2.89352,2.98141,-0.08789
2025-10-01,166.71973,164.0622,2.65753,2.91663,-0.2591
2025-10-02,167.04746,164.41685,2.63061,2.85943,-0.22882
2025-10-03,167.37554,164.76968,2.60586,2.80872,-0.20286
2025-10-06,167.567,165.05489,2.51211,2.7494,-0.23729
2025-10-07,167.24285,165.0849,2.15795,2.63111,-0.47316
2025-10-08,167.32395,165.2838,2.04015,2.51292,-0.47277
2025-10-09,167.06796,165.31167,1.75629,2.36159,-0.6053
2025-10-10,164.99443,164.4434,0.55103,1.99948,-1.44845
2025-10-13,164.4999,164.24611,0.25379,1.65034,-1.39655
2025-10-14,164.0753,164.06047,0.01483,1.32324,-1.30841
2025-10-15,163.90525,163.97969,-0.07444,1.0437,-1.11814
2025-10-16,163.93213,163.98712,-0.05499,0.82396,-0.87895
2025-10-17,163.85796,163.94733,-0.08937,0.64129,-0.73066
2025-10-20,164.3475,164.17642,0.17108,0.54725,-0.37617
2025-10-21,165.03712,164.52113,0.51599,0.541,-0.02501
2025-10-22,165.68833,164.8729,0.81543,0.59589,0.21954
2025-10-23,166.35628,165.25491,1.10137,0.69699,0.40438
2025-10-24,166.75378,165.52788,1.2259,0.80277,0.42313
2025-10-27,169.9732,167.16878,2.80442,1.2031,1.60132
2025-10-28,171.67425,168.19554,3.47871,1.65822,1.82049
2025-10-29,172.75052,168.97143,3.77909,2.08239,1.6967
2025-10-30,173.44429,169.5854,3.85889,2.43769,1.4212
2025-10-31,174.59132,170.42352,4.1678,2.78371,1.38409
2025-11-03,175.53419,171.18622,4.34797,3.09656,1.25141
2025-11-04,175.1197,171.30872,3.81098,3.23944,0.57154
2025-11-05,175.82744,171.93178,3.89566,3.37068,0.52498
2025-11-06,175.42322,172.02572,3.3975,3.37604,0.02146
2025-11-07,174.7258,171.94159,2.78421,3.25767,-0.47346
2025-11-10,174.24029,171.91406,2.32623,3.07138,-0.74515
2025-11-11,174.20025,172.06709,2.13316,2.88374,-0.75058
2025-11-12,174.58021,172.40805,2.17216,2.74142,-0.56926
2025-11-13,174.56787,172.56301,2.00486,2.59411,-0.58925
2025-11-14,174.47743,172.66797,1.80946,2.43718,-0.62772
2025-11-17,173.28859,172.2296,1.05899,2.16154,-1.10255
2025-11-18,172.02265,171.69852,0.32413,1.79406,-1.46993
2025-11-19,171.11301,171.28456,-0.17155,1.40094,-1.57249
2025-11-20,169.34024,170.4183,-1.07806,0.90514,-1.9832
2025-11-21,168.41097,169.89102,-1.48005,0.4281,-1.90815
2025-11-24,167.89544,169.53317,-1.63773,0.01493,-1.65266
2025-11-25,167.18845,169.07145,-1.883,-0.36466,-1.51834
2025-11-26,166.8733,168.78023,-1.90693,-0.67311,-1.23382
2025-11-28,167.06048,168.7291,-1.66862,-0.87221,-0.79641
2025-12-01,167.21118,168.67806,-1.46688,-0.99114,-0.47574
2025-12-02,167.74792,168.82783,-1.07991,-1.00889,-0.07102
2025-12-03,168.87439,169.29021,-0.41582,-0.89028,0.47446
2025-12-04,169.71679,169.66501,0.05178,-0.70187,0.75365
2025-12-05,170.50036,170.04612,0.45424,-0.47065,0.92489
2025-12-08,171.2403,170.43604,0.80426,-0.21567,1.01993
2025-12-09,171.97256,170.84819,1.12437,0.05234,1.07203
2025-12-10,173.54755,171.68981,1.85774,0.41342,1.44432
2025-12-11,174.73562,172.39945,2.33617,0.79797,1.5382
2025-12-12,175.28245,172.83579,2.44666,1.12771,1.31895
2025-12-15,175.89438,173.31166,2.58272,1.41871,1.16401
2025-12-16,175.92909,173.51969,2.4094,1.61685,0.79255
2025-12-17,175.37692,173.43231,1.94461,1.6824,0.26221
2025-12-18,175.19432,173.48844,1.70588,1.6871,0.01878
2025-12-19,175.20289,173.61893,1.58396,1.66647,-0.08251
2025-12-22,175.05168,173.66345,1.38823,1.61082,-0.22259
2025-12-23,175.00527,173.74394,1.26133,1.54092,-0.27959
2025-12-24,174.96907,173.81994,1.14913,1.46256,-0.31343
2025-12-26,174.9446,173.89328,1.05132,1.38031,-0.32899
2025-12-29,174.71158,173.85896,0.85262,1.27477,-0.42215
